hidden layers,max,avg,std
0,0,0,0
5,0.843339051,0.828044597,0.015294454
10,0.897084048,0.894797027,0.002287021
15,0.897655803,0.89679817,0.000857633
20,0.904516867,0.895797599,0.008719268
25,0.909376787,0.906803888,0.002572899
30,0.911092053,0.903802173,0.00728988
35,0.908805031,0.904516867,0.004288165